"BehaviorSpace results (NetLogo 6.4.0)","Table version 2.0"
"Small Worlds.nlogo"
"vary-rewiring-probability"
"05/21/2024 17:14:12:169 +0900"
"min-pxcor","max-pxcor","min-pycor","max-pycor"
"-17","17","-17","17"
"[run number]","rewiring-probability","[step]","average-path-length","clustering-coefficient"
"4","0.0031","1","12.878787878787879","0.5"
"1","1.0E-4","1","12.878787878787879","0.5"
"2","0.0011","1","10.366464646464646","0.49633333333333335"
"3","0.0021","1","12.878787878787879","0.5"
"5","0.0041","1","9.593939393939394","0.4823333333333333"
"6","0.0051","1","9.370909090909091","0.4933333333333333"
"7","0.0061","1","10.812929292929294","0.48966666666666664"
"9","0.0081","1","12.497979797979799","0.48966666666666664"
"8","0.0071","1","11.375353535353536","0.4903333333333334"
"10","0.0091","1","10.5","0.49633333333333335"
"11","0.0101","1","9.060404040404041","0.48666666666666664"
"12","0.0111","1","10.382020202020202","0.4896666666666667"
"13","0.0121","1","11.234141414141414","0.49633333333333324"
"14","0.0131","1","9.464444444444444","0.48233333333333334"
"15","0.0141","1","7.926060606060606","0.48966666666666675"
"17","0.0161","1","9.295353535353536","0.4793333333333333"
"16","0.0151","1","8.104040404040404","0.48333333333333345"
"18","0.0171","1","7.999393939393939","0.4763333333333334"
"20","0.0191","1","11.257373737373737","0.4896666666666667"
"19","0.0181","1","10.646060606060606","0.4963333333333334"
"23","0.0221","1","6.695555555555556","0.45833333333333326"
"22","0.0211","1","6.447878787878788","0.461"
"21","0.0201","1","5.917171717171717","0.4383333333333336"
"24","0.0231","1","5.912525252525253","0.41166666666666674"
"27","0.0261","1","8.384848484848485","0.48066666666666663"
"26","0.0251","1","7.309292929292929","0.4666666666666666"
"25","0.0241","1","10.19939393939394","0.4896666666666667"
"28","0.0271","1","8.172525252525253","0.4756666666666667"
"29","0.0281","1","7.105656565656566","0.4756666666666666"
"30","0.0291","1","7.664040404040404","0.4720000000000001"
"32","0.0311","1","7.776161616161616","0.4786666666666667"
"33","0.0321","1","7.833939393939394","0.48533333333333334"
"31","0.0301","1","9.834747474747475","0.486"
"34","0.0331","1","6.555959595959596","0.442"
"35","0.0341","1","6.667474747474747","0.44666666666666666"
"36","0.0351","1","6.7414141414141415","0.46366666666666667"
"40","0.0391","1","5.781818181818182","0.44266666666666665"
"39","0.0381","1","6.374343434343435","0.4483333333333334"
"38","0.0371","1","6.595555555555555","0.4533333333333334"
"37","0.0361","1","7.351313131313131","0.47200000000000003"
"41","0.0401","1","5.7272727272727275","0.42533333333333323"
"42","0.0411","1","6.143030303030303","0.44933333333333336"
"44","0.0431","1","6.345252525252525","0.46266666666666667"
"43","0.0421","1","7.365252525252525","0.4450000000000001"
"45","0.0441","1","5.592121212121212","0.44"
"46","0.0451","1","6.677575757575758","0.445"
"47","0.0461","1","6.390909090909091","0.433"
"48","0.0471","1","6.271717171717172","0.4466666666666667"
"49","0.0481","1","5.991313131313131","0.43000000000000005"
"50","0.0491","1","6.4793939393939395","0.43866666666666665"
"52","0.0511","1","5.921212121212121","0.4546666666666666"
"51","0.0501","1","7.943636363636363","0.4413333333333334"
"53","0.0521","1","6.410707070707071","0.4506666666666666"
"54","0.0531","1","5.981212121212121","0.4423333333333332"
"55","0.0541","1","6.641414141414141","0.44466666666666677"
"56","0.0551","1","6.444242424242424","0.3966666666666667"
"57","0.0561","1","6.515353535353535","0.4236666666666667"
"58","0.0571","1","5.579595959595959","0.4173333333333333"
"59","0.0581","1","7.876161616161617","0.45966666666666667"
"60","0.0591","1","4.781414141414142","0.3843333333333333"
"62","0.0611","1","6.173939393939394","0.45633333333333326"
"61","0.0601","1","5.785252525252525","0.43033333333333323"
"63","0.0621","1","4.853535353535354","0.37900000000000006"
"64","0.0631","1","6.121616161616162","0.44066666666666676"
"65","0.0641","1","6.09979797979798","0.4196666666666667"
"66","0.0651","1","6.6042424242424245","0.4093333333333334"
"67","0.0661","1","5.263838383838384","0.39166666666666666"
"68","0.0671","1","5.982020202020202","0.4380000000000001"
"69","0.0681","1","5.650909090909091","0.40800000000000003"
"70","0.0691","1","5.705858585858586","0.41866666666666674"
"71","0.0701","1","5.113939393939394","0.3563333333333334"
"72","0.0711","1","5.373737373737374","0.4346666666666666"
"73","0.0721","1","5.456767676767677","0.40766666666666684"
"74","0.0731","1","8.816565656565656","0.4593333333333332"
"75","0.0741","1","5.3822222222222225","0.39499999999999985"
"76","0.0751","1","5.705050505050505","0.4146666666666667"
"77","0.0761","1","5.361818181818182","0.39233333333333337"
"79","0.0781","1","5.72","0.4193333333333334"
"80","0.0791","1","4.8816161616161615","0.34442857142857136"
"78","0.0771","1","6.0519191919191915","0.4160000000000002"
"81","0.0801","1","5.77010101010101","0.4253333333333334"
"82","0.0811","1","4.898181818181818","0.40566666666666656"
"83","0.0821","1","5.44989898989899","0.41800000000000004"
"85","0.0841","1","4.919595959595959","0.3616666666666665"
"86","0.0851","1","5.902020202020202","0.4480000000000001"
"87","0.0861","1","5.345656565656566","0.4076666666666667"
"84","0.0831","1","5.488484848484848","0.40766666666666673"
"88","0.0871","1","5.1896969696969695","0.3906666666666668"
"89","0.0881","1","4.851313131313131","0.3736666666666666"
"90","0.0891","1","6.1767676767676765","0.4323333333333333"
"92","0.0911","1","5.707676767676768","0.424"
"91","0.0901","1","4.938989898989899","0.37366666666666676"
"93","0.0921","1","5.6195959595959595","0.43133333333333335"
"94","0.0931","1","5.426868686868687","0.4063333333333335"
"96","0.0951","1","5.088080808080808","0.39699999999999996"
"95","0.0941","1","5.429494949494949","0.41666666666666663"
"99","0.0981","1","5.760808080808081","0.4039999999999999"
"98","0.0971","1","5.392929292929293","0.384"
"97","0.0961","1","5.594949494949495","0.4320000000000001"
"100","0.0991","1","5.196565656565657","0.408"
"101","0.1001","1","4.914747474747474","0.3436666666666665"
"103","0.1021","1","4.745252525252525","0.357239057239057"
"102","0.1011","1","5.152121212121212","0.37133333333333324"
"104","0.1031","1","4.643030303030303","0.36066666666666664"
"105","0.1041","1","4.7561616161616165","0.3369999999999998"
"106","0.1051","1","5.613939393939394","0.4453333333333333"
"108","0.1071","1","5.082222222222223","0.3984285714285713"
"107","0.1061","1","4.912525252525253","0.35933333333333345"
"109","0.1081","1","5.513333333333334","0.4156666666666667"
"112","0.1111","1","4.555555555555555","0.33195238095238094"
"111","0.1101","1","5.169292929292929","0.38733333333333336"
"110","0.1091","1","4.963636363636364","0.3816666666666666"
"113","0.1121","1","4.813535353535354","0.37366666666666676"
"114","0.1131","1","4.811717171717172","0.3606666666666667"
"116","0.1151","1","4.798787878787879","0.366"
"118","0.1171","1","4.36040404040404","0.293"
"115","0.1141","1","4.808282828282828","0.3593333333333333"
"117","0.1161","1","4.487272727272727","0.29500000000000004"
"120","0.1191","1","4.845252525252525","0.3603333333333334"
"119","0.1181","1","4.585858585858586","0.3326666666666665"
"121","0.1201","1","4.6177777777777775","0.31399999999999983"
"122","0.1211","1","4.715757575757576","0.3473333333333333"
"123","0.1221","1","4.4658585858585855","0.32866666666666655"
"124","0.1231","1","4.693737373737374","0.36166666666666664"
"125","0.1241","1","4.951313131313131","0.3916666666666667"
"126","0.1251","1","4.301010101010101","0.2922857142857142"
"128","0.1271","1","4.5341414141414145","0.33366666666666667"
"130","0.1291","1","4.88989898989899","0.3536666666666668"
"127","0.1261","1","4.676565656565656","0.3353333333333333"
"129","0.1281","1","5.205454545454545","0.38033333333333325"
"132","0.1311","1","5.16949494949495","0.34800000000000003"
"131","0.1301","1","4.794545454545455","0.3213333333333333"
"133","0.1321","1","4.48040404040404","0.3166666666666666"
"134","0.1331","1","4.612121212121212","0.34"
"136","0.1351","1","5.084646464646465","0.36400000000000005"
"135","0.1341","1","4.424444444444444","0.3140000000000001"
"137","0.1361","1","4.571515151515151","0.3516666666666666"
"138","0.1371","1","4.569494949494949","0.33009523809523805"
"141","0.1401","1","4.847272727272728","0.3940000000000001"
"139","0.1381","1","4.414949494949495","0.2999999999999999"
"140","0.1391","1","4.153333333333333","0.28942857142857137"
"142","0.1411","1","4.384040404040404","0.31976190476190464"
"144","0.1431","1","5.165252525252526","0.39733333333333326"
"143","0.1421","1","5.03030303030303","0.37133333333333335"
"147","0.1461","1","4.401414141414142","0.32499999999999996"
"145","0.1441","1","5.1731313131313135","0.3493333333333334"
"146","0.1451","1","4.664040404040404","0.3313333333333333"
"148","0.1471","1","5.065454545454545","0.3756666666666667"
"149","0.1481","1","4.55959595959596","0.34428571428571425"
"150","0.1491","1","4.643232323232323","0.3216666666666667"
"151","0.1501","1","4.594343434343434","0.3036666666666667"
"153","0.1521","1","4.183434343434343","0.27347619047619043"
"152","0.1511","1","4.294141414141414","0.2553333333333333"
"154","0.1531","1","4.643232323232323","0.35900000000000015"
"156","0.1551","1","4.780202020202021","0.35499999999999987"
"157","0.1561","1","4.295555555555556","0.30933333333333324"
"159","0.1581","1","4.458787878787879","0.3120952380952379"
"158","0.1571","1","4.222020202020202","0.26328571428571435"
"155","0.1541","1","4.1983838383838386","0.27233333333333326"
"160","0.1591","1","4.237171717171718","0.311952380952381"
"162","0.1611","1","4.556363636363637","0.3116666666666666"
"163","0.1621","1","4.331717171717171","0.2939523809523809"
"161","0.1601","1","4.268686868686869","0.3060606060606061"
"165","0.1641","1","4.412121212121212","0.29328571428571437"
"164","0.1631","1","4.207272727272727","0.29038095238095224"
"166","0.1651","1","4.224040404040404","0.29509523809523797"
"168","0.1671","1","4.464848484848485","0.3129999999999999"
"167","0.1661","1","4.094747474747475","0.2750952380952381"
"171","0.1701","1","4.3016161616161614","0.3029999999999999"
"170","0.1691","1","4.267474747474748","0.29833333333333323"
"169","0.1681","1","4.167676767676768","0.28333333333333327"
"174","0.1731","1","4.123030303030303","0.2730000000000001"
"172","0.1711","1","4.312929292929293","0.29380952380952374"
"175","0.1741","1","4.421010101010101","0.28661904761904755"
"173","0.1721","1","4.467272727272727","0.28299999999999986"
"176","0.1751","1","4.15030303030303","0.29033333333333344"
"177","0.1761","1","4.214545454545455","0.2896666666666666"
"178","0.1771","1","4.390303030303031","0.29276190476190467"
"179","0.1781","1","4.2155555555555555","0.25695238095238093"
"181","0.1801","1","4.767070707070707","0.3600000000000001"
"180","0.1791","1","4.364848484848485","0.31500000000000006"
"182","0.1811","1","4.156969696969697","0.2663333333333334"
"183","0.1821","1","4.233737373737374","0.2939999999999999"
"185","0.1841","1","4.285454545454545","0.27003367003367007"
"184","0.1831","1","4.172929292929293","0.30195238095238097"
"186","0.1851","1","4.31979797979798","0.3066666666666666"
"187","0.1861","1","4.7002020202020205","0.33866666666666667"
"188","0.1871","1","4.347676767676767","0.3023333333333333"
"189","0.1881","1","4.50080808080808","0.3289999999999999"
"192","0.1911","1","4.291111111111111","0.28433333333333327"
"191","0.1901","1","4.225252525252525","0.27119047619047615"
"190","0.1891","1","4.131515151515152","0.2664742664742664"
"193","0.1921","1","4.048080808080808","0.29066666666666663"
"194","0.1931","1","4.318383838383839","0.2563333333333333"
"195","0.1941","1","4.092121212121212","0.27561904761904765"
"197","0.1961","1","4.231919191919192","0.2513333333333334"
"198","0.1971","1","4.136565656565657","0.2963333333333333"
"196","0.1951","1","3.942020202020202","0.2093333333333333"
"199","0.1981","1","4.229494949494949","0.2916666666666666"
"200","0.1991","1","4.096565656565657","0.268"
"202","0.2011","1","4.264848484848485","0.305047619047619"
"203","0.2021","1","4.197777777777778","0.266"
"201","0.2001","1","4.151515151515151","0.26599999999999996"
"204","0.2031","1","4.14989898989899","0.27033333333333326"
"205","0.2041","1","4.510909090909091","0.33542857142857135"
"206","0.2051","1","4.02929292929293","0.21599999999999997"
"208","0.2071","1","4.28040404040404","0.25947619047619036"
"207","0.2061","1","4.003434343434344","0.2203333333333334"
"210","0.2091","1","4.11010101010101","0.2843333333333333"
"209","0.2081","1","4.1909090909090905","0.2900952380952381"
"211","0.2101","1","4.183232323232323","0.25473809523809526"
"212","0.2111","1","3.9876767676767675","0.23819047619047623"
"214","0.2131","1","4.1171717171717175","0.2706666666666666"
"213","0.2121","1","4.3121212121212125","0.29466666666666674"
"215","0.2141","1","4.086666666666667","0.2732380952380952"
"216","0.2151","1","3.9985858585858587","0.28573809523809524"
"217","0.2161","1","4.244040404040404","0.27466666666666667"
"218","0.2171","1","4.021414141414142","0.22533333333333339"
"219","0.2181","1","4.1713131313131315","0.2693333333333333"
"220","0.2191","1","4.018383838383838","0.23428571428571424"
"221","0.2201","1","4.088484848484849","0.252"
"223","0.2221","1","4.206262626262626","0.26776190476190476"
"222","0.2211","1","4.096565656565657","0.2379999999999999"
"224","0.2231","1","4.1713131313131315","0.29495238095238085"
"225","0.2241","1","3.8644444444444446","0.19033333333333333"
"227","0.2261","1","3.94","0.2453333333333332"
"226","0.2251","1","4.236767676767677","0.28466666666666657"
"229","0.2281","1","4.18989898989899","0.26349999999999996"
"228","0.2271","1","3.812121212121212","0.18376190476190477"
"231","0.2301","1","3.9474747474747476","0.24476190476190474"
"233","0.2321","1","3.8208080808080807","0.1629999999999999"
"232","0.2311","1","4.037171717171717","0.2493333333333334"
"235","0.2341","1","3.865858585858586","0.2094285714285713"
"234","0.2331","1","4.0335353535353535","0.26709523809523805"
"230","0.2291","1","3.9155555555555557","0.23490476190476184"
"236","0.2351","1","4.046666666666667","0.2342380952380951"
"237","0.2361","1","4.2026262626262625","0.27433333333333326"
"238","0.2371","1","4.16060606060606","0.23199999999999998"
"239","0.2381","1","4.001414141414141","0.20199999999999987"
"240","0.2391","1","3.9042424242424243","0.2246666666666667"
"241","0.2401","1","4.009292929292929","0.24599999999999997"
"242","0.2411","1","4.1713131313131315","0.2659932659932659"
"243","0.2421","1","4.1866666666666665","0.2896666666666667"
"244","0.2431","1","4.034545454545454","0.18933333333333327"
"245","0.2441","1","3.916969696969697","0.1995714285714286"
"247","0.2461","1","4.004646464646465","0.2299523809523808"
"246","0.2451","1","4.022222222222222","0.2320000000000001"
"248","0.2471","1","4.073333333333333","0.2873333333333332"
"251","0.2501","1","3.988888888888889","0.22842857142857143"
"249","0.2481","1","4.057171717171717","0.24328571428571422"
"250","0.2491","1","3.922828282828283","0.21157142857142858"
"252","0.2511","1","3.874747474747475","0.20242857142857143"
"253","0.2521","1","4.1896969696969695","0.2613333333333333"
"254","0.2531","1","3.894343434343434","0.19771428571428568"
"255","0.2541","1","3.922222222222222","0.1983333333333334"
"256","0.2551","1","4.089090909090909","0.24990476190476182"
"257","0.2561","1","4.041414141414141","0.2333333333333333"
"258","0.2571","1","4.025454545454545","0.24247619047619043"
"259","0.2581","1","3.86020202020202","0.2044285714285713"
"261","0.2601","1","4.223030303030303","0.26561904761904753"
"262","0.2611","1","4.021414141414142","0.23780952380952378"
"260","0.2591","1","4.177373737373737","0.27333333333333326"
"263","0.2621","1","4.0919191919191915","0.23299999999999998"
"264","0.2631","1","3.9404040404040406","0.211047619047619"
"265","0.2641","1","3.8292929292929294","0.20880952380952383"
"266","0.2651","1","4.087676767676768","0.2573333333333333"
"267","0.2661","1","3.939191919191919","0.18033333333333332"
"268","0.2671","1","3.9957575757575756","0.2228571428571429"
"269","0.2681","1","3.786060606060606","0.16619047619047614"
"270","0.2691","1","3.843232323232323","0.21133333333333326"
"271","0.2701","1","3.9167676767676767","0.2123333333333334"
"272","0.2711","1","3.8216161616161615","0.19376190476190472"
"273","0.2721","1","3.827272727272727","0.1867619047619047"
"274","0.2731","1","3.8686868686868685","0.16495238095238096"
"275","0.2741","1","3.9416161616161616","0.2532857142857143"
"276","0.2751","1","3.890909090909091","0.2"
"277","0.2761","1","3.7448484848484846","0.14947089947089942"
"279","0.2781","1","3.84989898989899","0.1969761904761904"
"278","0.2771","1","4.114545454545454","0.2883333333333334"
"280","0.2791","1","3.9183838383838383","0.21033333333333332"
"281","0.2801","1","4.033737373737374","0.2578809523809523"
"282","0.2811","1","3.868888888888889","0.20633333333333329"
"283","0.2821","1","3.731313131313131","0.16399999999999995"
"284","0.2831","1","3.985858585858586","0.22142857142857156"
"286","0.2851","1","4.017777777777778","0.2558095238095238"
"285","0.2841","1","3.8216161616161615","0.1858585858585858"
"287","0.2861","1","3.8494949494949493","0.230095238095238"
"288","0.2871","1","3.9416161616161616","0.16938095238095244"
"289","0.2881","1","3.9575757575757575","0.21783333333333332"
"290","0.2891","1","4.063434343434343","0.25795238095238077"
"292","0.2911","1","3.7981818181818183","0.19562289562289556"
"291","0.2901","1","3.898989898989899","0.2436666666666667"
"293","0.2921","1","4.095757575757576","0.2656666666666667"
"296","0.2951","1","3.9016161616161615","0.17478571428571424"
"294","0.2931","1","3.879191919191919","0.19757142857142854"
"297","0.2961","1","3.7804040404040404","0.16880952380952383"
"298","0.2971","1","3.904040404040404","0.21261904761904765"
"295","0.2941","1","3.918989898989899","0.21109523809523809"
"299","0.2981","1","3.9212121212121214","0.20628571428571432"
"300","0.2991","1","3.850909090909091","0.1864761904761905"
"303","0.3021","1","3.8783838383838383","0.2433333333333333"
"301","0.3001","1","3.9717171717171715","0.2148095238095238"
"302","0.3011","1","3.704848484848485","0.1919523809523809"
"304","0.3031","1","3.8884848484848487","0.16499999999999995"
"305","0.3041","1","3.808686868686869","0.1763333333333334"
"306","0.3051","1","3.869090909090909","0.19590476190476178"
"307","0.3061","1","3.922828282828283","0.21599999999999997"
"308","0.3071","1","3.8624242424242423","0.23080952380952385"
"309","0.3081","1","3.8052525252525253","0.1476666666666666"
"310","0.3091","1","3.9337373737373738","0.1943333333333333"
"311","0.3101","1","3.8692929292929295","0.19471428571428573"
"312","0.3111","1","3.8797979797979796","0.1887619047619048"
"313","0.3121","1","3.8555555555555556","0.18380952380952376"
"315","0.3141","1","3.6545454545454548","0.14650793650793648"
"316","0.3151","1","3.7311111111111113","0.17457142857142854"
"314","0.3131","1","3.7145454545454544","0.12303992303992303"
"317","0.3161","1","4.021414141414142","0.254"
"318","0.3171","1","3.9404040404040406","0.2266666666666667"
"319","0.3181","1","3.7595959595959596","0.16657142857142854"
"320","0.3191","1","4.025252525252525","0.23271428571428576"
"321","0.3201","1","4.016161616161616","0.24899999999999992"
"323","0.3221","1","3.749090909090909","0.1582857142857142"
"324","0.3231","1","3.7105050505050503","0.157"
"322","0.3211","1","3.8416161616161615","0.23266666666666658"
"325","0.3241","1","3.7133333333333334","0.1586666666666666"
"327","0.3261","1","3.8505050505050504","0.16961904761904759"
"329","0.3281","1","3.813131313131313","0.17609523809523808"
"326","0.3251","1","3.825858585858586","0.12542857142857136"
"330","0.3291","1","3.726868686868687","0.15111904761904757"
"331","0.3301","1","3.774949494949495","0.17000000000000007"
"328","0.3271","1","3.6226262626262624","0.14083694083694082"
"332","0.3311","1","3.7945454545454544","0.18276190476190476"
"333","0.3321","1","3.946262626262626","0.23514285714285713"
"336","0.3351","1","3.8355555555555556","0.22161904761904747"
"335","0.3341","1","3.783232323232323","0.202605419272086"
"334","0.3331","1","3.6903030303030304","0.159047619047619"
"337","0.3361","1","3.648888888888889","0.13428571428571423"
"338","0.3371","1","3.692121212121212","0.14023809523809525"
"339","0.3381","1","3.736767676767677","0.16123809523809515"
"341","0.3401","1","3.797979797979798","0.13761904761904756"
"340","0.3391","1","3.632323232323232","0.13449999999999995"
"342","0.3411","1","3.6375757575757577","0.12726190476190472"
"344","0.3431","1","3.9234343434343435","0.21976190476190463"
"343","0.3421","1","3.665050505050505","0.1437619047619047"
"345","0.3441","1","3.764040404040404","0.13400673400673394"
"346","0.3451","1","3.744040404040404","0.16782106782106773"
"347","0.3461","1","3.7375757575757578","0.15966666666666662"
"348","0.3471","1","3.6472727272727274","0.12135642135642136"
"349","0.3481","1","3.736767676767677","0.11266666666666664"
"350","0.3491","1","3.7284848484848485","0.16002380952380943"
"351","0.3501","1","3.6935353535353537","0.17776190476190476"
"352","0.3511","1","3.6846464646464647","0.14761111111111108"
"353","0.3521","1","3.8856565656565656","0.22109523809523815"
"354","0.3531","1","3.7733333333333334","0.16847619047619042"
"356","0.3551","1","3.7905050505050504","0.15002380952380953"
"355","0.3541","1","3.8783838383838383","0.22015392015392005"
"357","0.3561","1","3.8270707070707073","0.18414285714285708"
"359","0.3581","1","3.692121212121212","0.1410238095238095"
"358","0.3571","1","3.7824242424242422","0.17795238095238086"
"360","0.3591","1","3.7545454545454544","0.18066666666666664"
"362","0.3611","1","3.771717171717172","0.1931904761904762"
"361","0.3601","1","3.743030303030303","0.16314285714285715"
"363","0.3621","1","3.701616161616162","0.15078571428571425"
"364","0.3631","1","3.6707070707070706","0.153"
"365","0.3641","1","3.701010101010101","0.1300714285714286"
"366","0.3651","1","3.8935353535353534","0.2186190476190477"
"367","0.3661","1","3.7032323232323234","0.1635714285714285"
"368","0.3671","1","3.649090909090909","0.10638095238095235"
"369","0.3681","1","3.682828282828283","0.11814285714285712"
"370","0.3691","1","3.801010101010101","0.1615238095238095"
"371","0.3701","1","3.7535353535353537","0.1563492063492063"
"372","0.3711","1","3.7046464646464647","0.13569047619047617"
"373","0.3721","1","3.6775757575757577","0.13899999999999996"
"374","0.3731","1","3.702020202020202","0.15180952380952378"
"375","0.3741","1","3.657979797979798","0.12095238095238094"
"376","0.3751","1","3.6826262626262625","0.14133333333333326"
"377","0.3761","1","3.6743434343434345","0.15738095238095234"
"378","0.3771","1","3.7004040404040404","0.15747619047619044"
"379","0.3781","1","3.8048484848484847","0.15420875420875416"
"380","0.3791","1","3.6236363636363635","0.10545238095238091"
"382","0.3811","1","3.7222222222222223","0.13847619047619047"
"381","0.3801","1","3.7181818181818183","0.18266666666666662"
"383","0.3821","1","3.667878787878788","0.1294285714285714"
"385","0.3841","1","3.6575757575757577","0.10309523809523805"
"386","0.3851","1","3.623030303030303","0.099"
"387","0.3861","1","3.711313131313131","0.12169047619047618"
"388","0.3871","1","3.7004040404040404","0.13188888888888883"
"384","0.3831","1","3.6654545454545455","0.14014285714285704"
"389","0.3881","1","3.694949494949495","0.18143338143338145"
"390","0.3891","1","3.7274747474747474","0.14399999999999996"
"392","0.3911","1","3.6852525252525252","0.10328571428571422"
"393","0.3921","1","3.634949494949495","0.15983333333333324"
"391","0.3901","1","3.7137373737373736","0.15633333333333327"
"394","0.3931","1","3.7682828282828282","0.20002380952380952"
"395","0.3941","1","3.5395959595959594","0.09469047619047619"
"396","0.3951","1","3.555151515151515","0.09307142857142853"
"397","0.3961","1","3.665050505050505","0.13511904761904756"
"399","0.3981","1","3.7036363636363636","0.15218855218855212"
"398","0.3971","1","3.730909090909091","0.16830952380952374"
"400","0.3991","1","3.7959595959595958","0.1651428571428572"
"401","0.4001","1","3.592323232323232","0.06738095238095237"
"402","0.4011","1","3.6325252525252525","0.14309523809523805"
"403","0.4021","1","3.6672727272727275","0.14671428571428569"
"404","0.4031","1","3.600808080808081","0.10009523809523811"
"405","0.4041","1","3.6636363636363636","0.13628571428571423"
"406","0.4051","1","3.763838383838384","0.1708333333333333"
"407","0.4061","1","3.6365656565656566","0.1046190476190476"
"409","0.4081","1","3.7274747474747474","0.16649999999999998"
"408","0.4071","1","3.6098989898989897","0.12923809523809524"
"410","0.4091","1","3.566060606060606","0.09321789321789321"
"411","0.4101","1","3.664040404040404","0.1210952380952381"
"412","0.4111","1","3.682020202020202","0.17302380952380944"
"413","0.4121","1","3.6751515151515153","0.153"
"414","0.4131","1","3.8434343434343434","0.16252380952380954"
"415","0.4141","1","3.547070707070707","0.08614718614718611"
"416","0.4151","1","3.582020202020202","0.09530952380952379"
"417","0.4161","1","3.685656565656566","0.12461904761904762"
"419","0.4181","1","3.656767676767677","0.14090476190476187"
"418","0.4171","1","3.621010101010101","0.14523809523809517"
"420","0.4191","1","3.7276767676767677","0.17235714285714285"
"421","0.4201","1","3.6094949494949495","0.1225"
"422","0.4211","1","3.627070707070707","0.11545887445887443"
"423","0.4221","1","3.60969696969697","0.10999999999999996"
"424","0.4231","1","3.6163636363636362","0.08823809523809524"
"425","0.4241","1","3.6286868686868687","0.1335238095238095"
"426","0.4251","1","3.5927272727272728","0.11176190476190474"
"427","0.4261","1","3.5616161616161617","0.061999999999999986"
"428","0.4271","1","3.6032323232323233","0.13680952380952374"
"429","0.4281","1","3.5765656565656565","0.1255555555555555"
"430","0.4291","1","3.6191919191919193","0.12838095238095235"
"432","0.4311","1","3.6434343434343432","0.11228571428571424"
"433","0.4321","1","3.674141414141414","0.12773809523809518"
"431","0.4301","1","3.6692929292929293","0.10733333333333331"
"434","0.4331","1","3.6717171717171717","0.17114285714285707"
"435","0.4341","1","3.654949494949495","0.12814285714285706"
"436","0.4351","1","3.643030303030303","0.10428090428090427"
"437","0.4361","1","3.5935353535353536","0.11576190476190475"
"438","0.4371","1","3.7222222222222223","0.16247619047619044"
"439","0.4381","1","3.580808080808081","0.09114285714285712"
"441","0.4401","1","3.558181818181818","0.08514285714285713"
"440","0.4391","1","3.711919191919192","0.1480714285714285"
"443","0.4421","1","3.695353535353535","0.1683020683020683"
"444","0.4431","1","3.655353535353535","0.14761904761904757"
"442","0.4411","1","3.6707070707070706","0.11199999999999997"
"445","0.4441","1","3.5791919191919193","0.08047619047619049"
"446","0.4451","1","3.5331313131313133","0.08869648869648869"
"447","0.4461","1","3.683838383838384","0.15722222222222218"
"448","0.4471","1","3.589090909090909","0.11228571428571427"
"449","0.4481","1","3.672323232323232","0.12152575315840616"
"450","0.4491","1","3.648282828282828","0.14347619047619042"
"451","0.4501","1","3.64020202020202","0.10523809523809521"
"453","0.4521","1","3.5947474747474746","0.11952380952380944"
"452","0.4511","1","3.577777777777778","0.07114285714285715"
"454","0.4531","1","3.6715151515151514","0.12966666666666662"
"455","0.4541","1","3.6274747474747473","0.12616666666666668"
"457","0.4561","1","3.577171717171717","0.09700000000000002"
"458","0.4571","1","3.6357575757575757","0.08661904761904764"
"456","0.4551","1","3.819191919191919","0.17347619047619056"
"459","0.4581","1","3.601010101010101","0.10961904761904759"
"460","0.4591","1","3.5616161616161617","0.10740740740740738"
"461","0.4601","1","3.6004040404040403","0.08928571428571429"
"462","0.4611","1","3.663030303030303","0.12466666666666659"
"465","0.4641","1","3.507070707070707","0.05048100048100048"
"464","0.4631","1","3.643838383838384","0.1123376623376623"
"467","0.4661","1","3.5503030303030303","0.07666666666666666"
"463","0.4621","1","3.5945454545454547","0.11702380952380946"
"468","0.4671","1","3.5773737373737373","0.08427128427128425"
"466","0.4651","1","3.697171717171717","0.1323333333333333"
"469","0.4681","1","3.537777777777778","0.0833092833092833"
"470","0.4691","1","3.5836363636363635","0.10085714285714281"
"471","0.4701","1","3.5856565656565658","0.08047619047619048"
"473","0.4721","1","3.611919191919192","0.06599326599326598"
"474","0.4731","1","3.6462626262626263","0.11095238095238091"
"472","0.4711","1","3.788686868686869","0.15566666666666665"
"476","0.4751","1","3.597171717171717","0.08766666666666666"
"475","0.4741","1","3.6614141414141415","0.11723809523809518"
"477","0.4761","1","3.4876767676767675","0.07135714285714286"
"478","0.4771","1","3.567878787878788","0.09057936507936504"
"479","0.4781","1","3.553737373737374","0.09966666666666665"
"480","0.4791","1","3.634949494949495","0.11261904761904758"
"481","0.4801","1","3.578989898989899","0.09621428571428568"
"482","0.4811","1","3.5654545454545454","0.07828571428571428"
"483","0.4821","1","3.550707070707071","0.08447619047619045"
"485","0.4841","1","3.6294949494949496","0.15822222222222218"
"484","0.4831","1","3.5575757575757576","0.08080952380952383"
"486","0.4851","1","3.5105050505050506","0.07200000000000001"
"487","0.4861","1","3.691313131313131","0.1166190476190476"
"488","0.4871","1","3.5375757575757576","0.08857142857142858"
"489","0.4881","1","3.5606060606060606","0.11785714285714284"
"491","0.4901","1","3.537979797979798","0.06433333333333334"
"490","0.4891","1","3.5866666666666664","0.10202020202020201"
"492","0.4911","1","3.6795959595959595","0.13080952380952382"
"493","0.4921","1","3.5484848484848484","0.08547619047619047"
"494","0.4931","1","3.662020202020202","0.12166666666666665"
"495","0.4941","1","3.630909090909091","0.13097643097643094"
"497","0.4961","1","3.5094949494949494","0.06961904761904764"
"498","0.4971","1","3.6347474747474746","0.13057142857142856"
"499","0.4981","1","3.602626262626263","0.10176190476190478"
"496","0.4951","1","3.5365656565656565","0.1397857142857143"
"500","0.4991","1","3.5898989898989897","0.10780952380952376"
"501","0.5001","1","3.5234343434343436","0.06042857142857144"
"502","0.5011","1","3.711919191919192","0.13809523809523805"
"503","0.5021","1","3.512121212121212","0.05148308481641814"
"504","0.5031","1","3.5595959595959594","0.11857142857142856"
"505","0.5041","1","3.543030303030303","0.06981721981721983"
"508","0.5071","1","3.5935353535353536","0.06942857142857144"
"507","0.5061","1","3.5543434343434344","0.09714285714285711"
"506","0.5051","1","3.5317171717171716","0.11614285714285709"
"509","0.5081","1","3.63010101010101","0.10204761904761904"
"510","0.5091","1","3.573737373737374","0.1005"
"511","0.5101","1","3.4515151515151516","0.062222222222222234"
"512","0.5111","1","3.5234343434343436","0.05728571428571429"
"513","0.5121","1","3.607878787878788","0.08964285714285712"
"514","0.5131","1","3.633737373737374","0.10500485908649171"
"517","0.5161","1","3.5034343434343436","0.058380952380952394"
"515","0.5141","1","3.5076767676767675","0.054160654160654166"
"516","0.5151","1","3.5997979797979798","0.10266666666666664"
"518","0.5171","1","3.5636363636363635","0.06361904761904762"
"519","0.5181","1","3.5395959595959594","0.05757575757575757"
"520","0.5191","1","3.5054545454545454","0.07958152958152954"
"521","0.5201","1","3.540808080808081","0.06857142857142855"
"523","0.5221","1","3.6505050505050507","0.1451904761904761"
"522","0.5211","1","3.530707070707071","0.07739297739297737"
"524","0.5231","1","3.609292929292929","0.07584126984126983"
"525","0.5241","1","3.633939393939394","0.0983333333333333"
"526","0.5251","1","3.5543434343434344","0.05797619047619049"
"527","0.5261","1","3.5179797979797978","0.07461904761904761"
"528","0.5271","1","3.512121212121212","0.12122943722943719"
"530","0.5291","1","3.5668686868686867","0.11592111592111587"
"529","0.5281","1","3.598989898989899","0.10266666666666667"
"531","0.5301","1","3.512121212121212","0.06880952380952379"
"533","0.5321","1","3.4975757575757576","0.0742063492063492"
"532","0.5311","1","3.52989898989899","0.07166907166907167"
"534","0.5331","1","3.5521212121212122","0.09495238095238094"
"536","0.5351","1","3.466262626262626","0.055523809523809524"
"537","0.5361","1","3.5698989898989897","0.08835714285714284"
"539","0.5381","1","3.564848484848485","0.06957671957671957"
"538","0.5371","1","3.5143434343434343","0.06307142857142856"
"535","0.5341","1","3.4876767676767675","0.05707142857142857"
"540","0.5391","1","3.56","0.09591149591149589"
"541","0.5401","1","3.448080808080808","0.04404761904761905"
"543","0.5421","1","3.597777777777778","0.09542857142857143"
"542","0.5411","1","3.541010101010101","0.07661904761904763"
"544","0.5431","1","3.5428282828282827","0.10454761904761903"
"545","0.5441","1","3.6117171717171717","0.09228571428571428"
"548","0.5471","1","3.5234343434343436","0.0555952380952381"
"546","0.5451","1","3.508888888888889","0.06040476190476192"
"547","0.5461","1","3.5725252525252524","0.07575757575757575"
"549","0.5481","1","3.577777777777778","0.04147619047619048"
"551","0.5501","1","3.573131313131313","0.09369047619047616"
"550","0.5491","1","3.5197979797979797","0.07833333333333332"
"552","0.5511","1","3.483030303030303","0.03095238095238095"
"555","0.5541","1","3.526666666666667","0.08909523809523807"
"554","0.5531","1","3.5127272727272727","0.06733333333333333"
"556","0.5551","1","3.5353535353535355","0.04500000000000001"
"557","0.5561","1","3.4555555555555557","0.06376190476190476"
"553","0.5521","1","3.557979797979798","0.043166666666666666"
"559","0.5581","1","3.557979797979798","0.08411904761904761"
"560","0.5591","1","3.5832323232323233","0.08035714285714286"
"558","0.5571","1","3.5593939393939396","0.10221428571428567"
"561","0.5601","1","3.526262626262626","0.03288888888888889"
"562","0.5611","1","3.544040404040404","0.0832857142857143"
"563","0.5621","1","3.547878787878788","0.060476190476190475"
"564","0.5631","1","3.6036363636363635","0.11099999999999996"
"565","0.5641","1","3.518989898989899","0.06166666666666667"
"567","0.5661","1","3.561818181818182","0.07852380952380952"
"566","0.5651","1","3.5290909090909093","0.06057142857142857"
"569","0.5681","1","3.5109090909090908","0.057666666666666665"
"568","0.5671","1","3.5068686868686867","0.08633333333333333"
"570","0.5691","1","3.551919191919192","0.10254930254930253"
"572","0.5711","1","3.4773737373737372","0.05471331389698735"
"571","0.5701","1","3.5165656565656565","0.06519047619047619"
"573","0.5721","1","3.523030303030303","0.062476190476190456"
"574","0.5731","1","3.4638383838383837","0.047357142857142855"
"575","0.5741","1","3.4844444444444442","0.06557142857142857"
"578","0.5771","1","3.507070707070707","0.05095238095238095"
"577","0.5761","1","3.519191919191919","0.06645021645021645"
"576","0.5751","1","3.5468686868686867","0.08907142857142857"
"579","0.5781","1","3.552929292929293","0.06928571428571428"
"580","0.5791","1","3.514747474747475","0.08354761904761904"
"581","0.5801","1","3.4549494949494948","0.05785714285714285"
"583","0.5821","1","3.542222222222222","0.06647619047619048"
"582","0.5811","1","3.4674747474747476","0.06102380952380953"
"585","0.5841","1","3.5171717171717174","0.09894444444444446"
"584","0.5831","1","3.597979797979798","0.1002380952380952"
"587","0.5861","1","3.488888888888889","0.06133333333333333"
"586","0.5851","1","3.5284848484848483","0.06399999999999997"
"589","0.5881","1","3.5595959595959594","0.0887142857142857"
"588","0.5871","1","3.518181818181818","0.06297619047619046"
"590","0.5891","1","3.6086868686868687","0.10509523809523807"
"591","0.5901","1","3.4557575757575756","0.02928571428571429"
"592","0.5911","1","3.493939393939394","0.026420634920634928"
"593","0.5921","1","3.545252525252525","0.08518518518518516"
"594","0.5931","1","3.4997979797979797","0.06604761904761902"
"595","0.5941","1","3.4894949494949494","0.07600000000000001"
"597","0.5961","1","3.5272727272727273","0.07746031746031745"
"596","0.5951","1","3.4961616161616162","0.05562770562770563"
"598","0.5971","1","3.5561616161616163","0.05795238095238095"
"599","0.5981","1","3.4535353535353535","0.018166666666666668"
"600","0.5991","1","3.5345454545454547","0.051761904761904766"
"601","0.6001","1","3.437373737373737","0.03380158730158731"
"603","0.6021","1","3.4913131313131314","0.046"
"604","0.6031","1","3.4408080808080808","0.03735714285714286"
"602","0.6011","1","3.5313131313131314","0.06354761904761905"
"606","0.6051","1","3.575151515151515","0.04428571428571429"
"607","0.6061","1","3.5242424242424244","0.05875396825396826"
"605","0.6041","1","3.4608080808080808","0.07230952380952382"
"608","0.6071","1","3.436161616161616","0.06269039602372935"
"609","0.6081","1","3.5224242424242425","0.09433333333333332"
"611","0.6101","1","3.6276767676767676","0.0836190476190476"
"610","0.6091","1","3.45010101010101","0.04024370691037357"
"612","0.6111","1","3.521818181818182","0.05949999999999999"
"613","0.6121","1","3.429090909090909","0.043476190476190474"
"615","0.6141","1","3.4931313131313133","0.03795238095238095"
"616","0.6151","1","3.5064646464646465","0.10986507936507933"
"618","0.6171","1","3.5545454545454547","0.08014285714285714"
"614","0.6131","1","3.484848484848485","0.06452621452621453"
"617","0.6161","1","3.48","0.07255555555555555"
"619","0.6181","1","3.4545454545454546","0.049373015873015874"
"620","0.6191","1","3.467878787878788","0.03447619047619048"
"621","0.6201","1","3.5416161616161617","0.04842857142857143"
"624","0.6231","1","3.548080808080808","0.08419047619047618"
"623","0.6221","1","3.5555555555555554","0.09290476190476189"
"622","0.6211","1","3.507878787878788","0.07161904761904761"
"625","0.6241","1","3.485050505050505","0.028785714285714283"
"626","0.6251","1","3.4925252525252524","0.045"
"627","0.6261","1","3.4812121212121214","0.06411736411736413"
"628","0.6271","1","3.4676767676767675","0.029063492063492066"
"630","0.6291","1","3.4909090909090907","0.056333333333333326"
"629","0.6281","1","3.495959595959596","0.0786984126984127"
"631","0.6301","1","3.5167676767676768","0.03776190476190476"
"632","0.6311","1","3.4775757575757575","0.04978134110787173"
"633","0.6321","1","3.518989898989899","0.05428090428090428"
"634","0.6331","1","3.510707070707071","0.03235714285714286"
"635","0.6341","1","3.4624242424242424","0.033428571428571426"
"636","0.6351","1","3.4565656565656564","0.019333333333333334"
"637","0.6361","1","3.495959595959596","0.049714285714285704"
"639","0.6381","1","3.4886868686868686","0.02795238095238095"
"638","0.6371","1","3.5393939393939395","0.04688095238095238"
"640","0.6391","1","3.4890909090909092","0.03380952380952381"
"641","0.6401","1","3.4804040404040406","0.03000000000000001"
"642","0.6411","1","3.5256565656565657","0.11247619047619041"
"643","0.6421","1","3.501818181818182","0.07904761904761903"
"644","0.6431","1","3.4836363636363634","0.02347619047619048"
"645","0.6441","1","3.481818181818182","0.06919047619047619"
"646","0.6451","1","3.4242424242424243","0.03911904761904762"
"647","0.6461","1","3.5547474747474745","0.07161904761904761"
"648","0.6471","1","3.4955555555555557","0.0667063492063492"
"650","0.6491","1","3.4571717171717173","0.045619047619047635"
"649","0.6481","1","3.6264646464646466","0.06089466089466088"
"651","0.6501","1","3.4682828282828284","0.047210197210197216"
"652","0.6511","1","3.4652525252525255","0.07057142857142856"
"653","0.6521","1","3.466060606060606","0.04823809523809523"
"655","0.6541","1","3.5317171717171716","0.05676190476190476"
"654","0.6531","1","3.4686868686868686","0.05499206349206348"
"656","0.6551","1","3.4884848484848483","0.02736892736892737"
"657","0.6561","1","3.4864646464646465","0.04133333333333335"
"658","0.6571","1","3.4656565656565657","0.09240476190476189"
"660","0.6591","1","3.5246464646464646","0.060761904761904774"
"661","0.6601","1","3.5036363636363634","0.05202020202020202"
"662","0.6611","1","3.4983838383838384","0.03266666666666668"
"663","0.6621","1","3.5482828282828285","0.07946825396825395"
"664","0.6631","1","3.472929292929293","0.023142857142857146"
"659","0.6581","1","3.4985858585858587","0.06783333333333333"
"665","0.6641","1","3.4828282828282826","0.048690476190476215"
"666","0.6651","1","3.465050505050505","0.037742504409171075"
"667","0.6661","1","3.52040404040404","0.06297619047619048"
"668","0.6671","1","3.542222222222222","0.07433862433862433"
"669","0.6681","1","3.474949494949495","0.053119047619047614"
"670","0.6691","1","3.489292929292929","0.038857142857142854"
"672","0.6711","1","3.428888888888889","0.02878571428571429"
"673","0.6721","1","3.417777777777778","0.034119047619047625"
"671","0.6701","1","3.4012121212121214","0.06675396825396826"
"674","0.6731","1","3.477777777777778","0.04404761904761905"
"675","0.6741","1","3.4943434343434343","0.0543015873015873"
"676","0.6751","1","3.525050505050505","0.07826190476190474"
"679","0.6781","1","3.5084848484848483","0.040238095238095246"
"678","0.6771","1","3.4214141414141412","0.05314285714285715"
"677","0.6761","1","3.474141414141414","0.05864285714285713"
"680","0.6791","1","3.462828282828283","0.04333333333333334"
"681","0.6801","1","3.541010101010101","0.03779862113195447"
"682","0.6811","1","3.493333333333333","0.035119047619047626"
"683","0.6821","1","3.4654545454545453","0.04833333333333333"
"686","0.6851","1","3.4682828282828284","0.03647619047619048"
"685","0.6841","1","3.4454545454545453","0.03244348244348245"
"684","0.6831","1","3.5917171717171716","0.04829244829244829"
"687","0.6861","1","3.4583838383838383","0.06252380952380951"
"688","0.6871","1","3.5076767676767675","0.08532948532948532"
"689","0.6881","1","3.4515151515151516","0.046079846079846096"
"690","0.6891","1","3.5082828282828284","0.04716209716209716"
"691","0.6901","1","3.4638383838383837","0.0325"
"692","0.6911","1","3.403636363636364","0.04728571428571429"
"693","0.6921","1","3.4903030303030302","0.0439047619047619"
"694","0.6931","1","3.4460606060606063","0.05485810485810486"
"695","0.6941","1","3.464848484848485","0.04938095238095237"
"696","0.6951","1","3.5068686868686867","0.03590476190476191"
"697","0.6961","1","3.50989898989899","0.04487734487734488"
"698","0.6971","1","3.5032323232323233","0.03397619047619048"
"700","0.6991","1","3.498181818181818","0.06875396825396826"
"699","0.6981","1","3.4535353535353535","0.03645181978515311"
"701","0.7001","1","3.4694949494949494","0.06961111111111111"
"702","0.7011","1","3.4113131313131313","0.047928571428571425"
"704","0.7031","1","3.4472727272727273","0.026070226070226066"
"703","0.7021","1","3.458989898989899","0.013333333333333334"
"705","0.7041","1","3.48989898989899","0.0478095238095238"
"706","0.7051","1","3.5072727272727273","0.06755651755651755"
"707","0.7061","1","3.518181818181818","0.057833333333333334"
"708","0.7071","1","3.52","0.09676190476190472"
"709","0.7081","1","3.4349494949494948","0.03525733525733526"
"710","0.7091","1","3.4783838383838384","0.029341029341029345"
"711","0.7101","1","3.5238383838383838","0.03028571428571429"
"712","0.7111","1","3.4646464646464645","0.028666666666666667"
"713","0.7121","1","3.516969696969697","0.06752380952380951"
"714","0.7131","1","3.501010101010101","0.08439153439153439"
"716","0.7151","1","3.458989898989899","0.029476190476190482"
"715","0.7141","1","3.4404040404040406","0.052904761904761885"
"717","0.7161","1","3.3975757575757575","0.024095238095238093"
"718","0.7171","1","3.461818181818182","0.031476190476190484"
"719","0.7181","1","3.5157575757575756","0.03976190476190477"
"720","0.7191","1","3.478989898989899","0.055555555555555546"
"722","0.7211","1","3.4682828282828284","0.027714285714285712"
"724","0.7231","1","3.452929292929293","0.02188552188552189"
"723","0.7221","1","3.5256565656565657","0.04347619047619048"
"725","0.7241","1","3.474949494949495","0.062023809523809516"
"721","0.7201","1","3.545252525252525","0.047142857142857146"
"726","0.7251","1","3.412929292929293","0.036666666666666674"
"727","0.7261","1","3.4872727272727273","0.06876190476190476"
"728","0.7271","1","3.442020202020202","0.04641654641654641"
"729","0.7281","1","3.49010101010101","0.031809523809523815"
"730","0.7291","1","3.4834343434343435","0.055857142857142855"
"731","0.7301","1","3.5036363636363634","0.055699855699855694"
"732","0.7311","1","3.4923232323232325","0.021095238095238097"
"733","0.7321","1","3.532121212121212","0.04718253968253967"
"734","0.7331","1","3.422828282828283","0.03992857142857143"
"735","0.7341","1","3.4523232323232325","0.049"
"736","0.7351","1","3.386262626262626","0.03833333333333334"
"737","0.7361","1","3.417777777777778","0.06758730158730158"
"739","0.7381","1","3.439191919191919","0.05090476190476191"
"738","0.7371","1","3.493939393939394","0.05497835497835499"
"741","0.7401","1","3.4327272727272726","0.02841911175244509"
"740","0.7391","1","3.4549494949494948","0.048087301587301574"
"742","0.7411","1","3.472121212121212","0.0598095238095238"
"743","0.7421","1","3.4915151515151517","0.05808730158730158"
"744","0.7431","1","3.4925252525252524","0.03028571428571429"
"745","0.7441","1","3.483030303030303","0.04171428571428571"
"746","0.7451","1","3.436969696969697","0.047333333333333324"
"748","0.7471","1","3.45030303030303","0.037142857142857144"
"747","0.7461","1","3.458787878787879","0.0316017316017316"
"750","0.7491","1","3.4743434343434343","0.038642857142857145"
"749","0.7481","1","3.4444444444444446","0.025976190476190476"
"751","0.7501","1","3.4672727272727273","0.041428571428571426"
"752","0.7511","1","3.481010101010101","0.04571428571428572"
"753","0.7521","1","3.4208080808080807","0.04338095238095239"
"754","0.7531","1","3.4715151515151517","0.02931746031746032"
"755","0.7541","1","3.473737373737374","0.029809523809523814"
"756","0.7551","1","3.4383838383838383","0.03057142857142857"
"757","0.7561","1","3.406262626262626","0.017476190476190475"
"758","0.7571","1","3.4804040404040406","0.03152958152958153"
"759","0.7581","1","3.450707070707071","0.027561327561327557"
"760","0.7591","1","3.47010101010101","0.03742857142857143"
"761","0.7601","1","3.4812121212121214","0.07761904761904762"
"762","0.7611","1","3.482222222222222","0.04641269841269842"
"763","0.7621","1","3.483030303030303","0.02380952380952381"
"764","0.7631","1","3.4424242424242424","0.036339586339586345"
"766","0.7651","1","3.4357575757575756","0.018476190476190483"
"765","0.7641","1","3.4078787878787877","0.0030303030303030303"
"768","0.7671","1","3.4145454545454546","0.0286984126984127"
"767","0.7661","1","3.4826262626262627","0.055380952380952364"
"769","0.7681","1","3.496969696969697","0.04064285714285714"
"771","0.7701","1","3.416161616161616","0.029637646304312974"
"772","0.7711","1","3.4244444444444446","0.027333333333333334"
"770","0.7691","1","3.4644444444444447","0.039333333333333345"
"773","0.7721","1","3.4735353535353535","0.06954761904761902"
"774","0.7731","1","3.4571717171717173","0.05442857142857142"
"775","0.7741","1","3.4931313131313133","0.03006253006253007"
"776","0.7751","1","3.45030303030303","0.021720116618075807"
"778","0.7771","1","3.505050505050505","0.009094590217039195"
"777","0.7761","1","3.4634343434343435","0.02383333333333333"
"779","0.7781","1","3.49010101010101","0.02680952380952381"
"780","0.7791","1","3.4913131313131314","0.04809523809523809"
"781","0.7801","1","3.457777777777778","0.0540952380952381"
"782","0.7811","1","3.4905050505050506","0.04600793650793651"
"784","0.7831","1","3.4935353535353535","0.012619047619047618"
"783","0.7821","1","3.493333333333333","0.05408730158730157"
"785","0.7841","1","3.442222222222222","0.022476190476190473"
"787","0.7861","1","3.4973737373737372","0.030303030303030307"
"788","0.7871","1","3.4284848484848487","0.026690476190476188"
"789","0.7881","1","3.417373737373737","0.03447619047619049"
"790","0.7891","1","3.4549494949494948","0.026642857142857145"
"791","0.7901","1","3.444848484848485","0.024087301587301588"
"792","0.7911","1","3.442828282828283","0.023713323713323717"
"786","0.7851","1","3.431111111111111","0.03197619047619047"
"793","0.7921","1","3.437979797979798","0.022526855860189193"
"794","0.7931","1","3.4745454545454546","0.051857142857142866"
"796","0.7951","1","3.4143434343434342","0.016642616642616643"
"797","0.7961","1","3.481818181818182","0.03337341670675004"
"795","0.7941","1","3.4915151515151517","0.06736507936507934"
"799","0.7981","1","3.4482828282828284","0.04195238095238094"
"798","0.7971","1","3.4325252525252523","0.04768318101651435"
"800","0.7991","1","3.4602020202020203","0.021928571428571436"
"801","0.8001","1","3.418787878787879","0.025084175084175084"
"802","0.8011","1","3.3915151515151516","0.027994227994228"
"803","0.8021","1","3.5135353535353535","0.052023809523809535"
"805","0.8041","1","3.4054545454545453","0.012"
"804","0.8031","1","3.451919191919192","0.050515873015873014"
"806","0.8051","1","3.475959595959596","0.014142857142857145"
"808","0.8071","1","3.470707070707071","0.06226551226551226"
"807","0.8061","1","3.456969696969697","0.04273689273689274"
"809","0.8081","1","3.486262626262626","0.0467063492063492"
"811","0.8101","1","3.468888888888889","0.039201539201539196"
"810","0.8091","1","3.469292929292929","0.03223809523809525"
"812","0.8111","1","3.4282828282828284","0.009499999999999998"
"813","0.8121","1","3.442020202020202","0.021309523809523813"
"814","0.8131","1","3.407676767676768","0.04080158730158731"
"815","0.8141","1","3.4713131313131314","0.03542857142857143"
"816","0.8151","1","3.4197979797979796","0.01616666666666667"
"818","0.8171","1","3.5161616161616163","0.03405483405483407"
"819","0.8181","1","3.485252525252525","0.06030142696809362"
"817","0.8161","1","3.455959595959596","0.05187074829931972"
"820","0.8191","1","3.4402020202020203","0.04747619047619048"
"822","0.8211","1","3.467070707070707","0.03314093314093314"
"823","0.8221","1","3.510707070707071","0.022222222222222223"
"821","0.8201","1","3.4555555555555557","0.03211904761904762"
"824","0.8231","1","3.394949494949495","0.034295334295334295"
"825","0.8241","1","3.4715151515151517","0.04547619047619048"
"826","0.8251","1","3.4757575757575756","0.030872214205547536"
"829","0.8281","1","3.4385858585858586","0.037999037999038"
"827","0.8261","1","3.459191919191919","0.03136507936507937"
"828","0.8271","1","3.4525252525252523","0.049460317460317454"
"830","0.8291","1","3.448888888888889","0.0161984126984127"
"832","0.8311","1","3.4537373737373738","0.06039682539682539"
"831","0.8301","1","3.4408080808080808","0.04683333333333335"
"833","0.8321","1","3.4694949494949494","0.02890476190476191"
"834","0.8331","1","3.397373737373737","0.015857142857142858"
"835","0.8341","1","3.4864646464646465","0.046137026239067055"
"836","0.8351","1","3.4583838383838383","0.033619047619047625"
"837","0.8361","1","3.4549494949494948","0.04320634920634922"
"839","0.8381","1","3.501818181818182","0.03847202180535514"
"838","0.8371","1","3.536363636363636","0.02068302068302068"
"840","0.8391","1","3.422222222222222","0.03987493987493988"
"842","0.8411","1","3.464848484848485","0.03639455782312925"
"841","0.8401","1","3.464040404040404","0.017989417989417993"
"843","0.8421","1","3.4094949494949494","0.05414285714285714"
"845","0.8441","1","3.4844444444444442","0.04427609427609428"
"844","0.8431","1","3.45959595959596","0.040928571428571446"
"846","0.8451","1","3.402828282828283","0.015698412698412698"
"847","0.8461","1","3.514949494949495","0.051261904761904765"
"848","0.8471","1","3.445858585858586","0.031809523809523815"
"849","0.8481","1","3.4383838383838383","0.04042809042809043"
"852","0.8511","1","3.4886868686868686","0.061087061087061086"
"850","0.8491","1","3.4917171717171716","0.03447619047619048"
"851","0.8501","1","3.4838383838383837","0.04220779220779222"
"853","0.8521","1","3.4773737373737372","0.029437229437229435"
"854","0.8531","1","3.46989898989899","0.03833333333333334"
"855","0.8541","1","3.514747474747475","0.05150793650793651"
"856","0.8551","1","3.4543434343434343","0.02935714285714286"
"857","0.8561","1","3.533939393939394","0.05550000000000001"
"858","0.8571","1","3.4652525252525255","0.02918253968253969"
"859","0.8581","1","3.416161616161616","0.03284920634920635"
"861","0.8601","1","3.39030303030303","0.04174282507615842"
"860","0.8591","1","3.441818181818182","0.030904761904761907"
"863","0.8621","1","3.4674747474747476","0.024130190796857465"
"862","0.8611","1","3.443636363636364","0.03495238095238095"
"864","0.8631","1","3.507878787878788","0.03552380952380953"
"867","0.8661","1","3.547070707070707","0.04128571428571428"
"868","0.8671","1","3.4545454545454546","0.024274490941157613"
"865","0.8641","1","3.4082828282828284","0.023"
"869","0.8681","1","3.4371717171717173","0.04100000000000001"
"866","0.8651","1","3.4957575757575756","0.05442857142857143"
"870","0.8691","1","3.4927272727272727","0.04388095238095238"
"871","0.8701","1","3.507878787878788","0.014285714285714284"
"873","0.8721","1","3.5068686868686867","0.044588744588744594"
"874","0.8731","1","3.4682828282828284","0.01786916786916787"
"875","0.8741","1","3.407070707070707","0.020317460317460317"
"876","0.8751","1","3.4597979797979797","0.033140933140933145"
"872","0.8711","1","3.4456565656565656","0.04783333333333333"
"877","0.8761","1","3.3854545454545453","0.02617316017316017"
"878","0.8771","1","3.458787878787879","0.04340227673561007"
"880","0.8791","1","3.425858585858586","0.023713323713323714"
"881","0.8801","1","3.4638383838383837","0.03417508417508418"
"879","0.8781","1","3.4266666666666667","0.043571428571428567"
"882","0.8811","1","3.4913131313131314","0.06564285714285713"
"883","0.8821","1","3.4644444444444447","0.037682539682539685"
"886","0.8851","1","3.4527272727272726","0.038215488215488216"
"884","0.8831","1","3.436161616161616","0.023328523328523334"
"885","0.8841","1","3.452929292929293","0.02204761904761905"
"887","0.8861","1","3.4735353535353535","0.050666666666666665"
"888","0.8871","1","3.459191919191919","0.05698412698412698"
"889","0.8881","1","3.495959595959596","0.04948693282026615"
"890","0.8891","1","3.4983838383838384","0.05406445406445407"
"891","0.8901","1","3.4909090909090907","0.03164983164983165"
"893","0.8921","1","3.390909090909091","0.007666666666666666"
"894","0.8931","1","3.4656565656565657","0.03152380952380952"
"895","0.8941","1","3.390707070707071","0.004"
"892","0.8911","1","3.499191919191919","0.037974987974987974"
"896","0.8951","1","3.4385858585858586","0.01633333333333333"
"898","0.8971","1","3.4731313131313133","0.03230719897386564"
"897","0.8961","1","3.462828282828283","0.018222222222222226"
"900","0.8991","1","3.4086868686868685","0.04892063492063493"
"899","0.8981","1","3.419191919191919","0.00885040885040885"
"901","0.9001","1","3.4254545454545453","0.04454064454064453"
"902","0.9011","1","3.4844444444444442","0.03983333333333333"
"903","0.9021","1","3.454747474747475","0.036676286676286675"
"905","0.9041","1","3.4802020202020203","0.06707142857142856"
"907","0.9061","1","3.4565656565656564","0.029674603174603173"
"904","0.9031","1","3.4515151515151516","0.03128571428571429"
"908","0.9071","1","3.4975757575757576","0.06245238095238093"
"910","0.9091","1","3.4478787878787878","0.05269047619047619"
"909","0.9081","1","3.458181818181818","0.037420634920634924"
"911","0.9101","1","3.458989898989899","0.04489682539682541"
"906","0.9051","1","3.4826262626262627","0.03001443001443002"
"912","0.9111","1","3.433939393939394","0.01904761904761905"
"913","0.9121","1","3.4652525252525255","0.055166666666666656"
"914","0.9131","1","3.4775757575757575","0.03916666666666667"
"915","0.9141","1","3.462828282828283","0.03650793650793652"
"916","0.9151","1","3.4474747474747476","0.04654761904761905"
"918","0.9171","1","3.4234343434343435","0.04438095238095239"
"917","0.9161","1","3.408888888888889","0.014109347442680775"
"919","0.9181","1","3.4153535353535354","0.039185505852172516"
"921","0.9201","1","3.4709090909090907","0.02733333333333334"
"922","0.9211","1","3.422828282828283","0.045619047619047615"
"924","0.9231","1","3.458787878787879","0.036571428571428574"
"920","0.9191","1","3.4175757575757575","0.03197619047619048"
"923","0.9221","1","3.4713131313131314","0.03369047619047619"
"925","0.9241","1","3.5072727272727273","0.030110630110630116"
"926","0.9251","1","3.4163636363636365","0.025111111111111115"
"927","0.9261","1","3.4444444444444446","0.02938888888888889"
"928","0.9271","1","3.4494949494949494","0.026563492063492063"
"930","0.9291","1","3.474949494949495","0.035882635882635884"
"931","0.9301","1","3.3804040404040405","0.014277777777777778"
"932","0.9311","1","3.4446464646464645","0.03266666666666666"
"929","0.9281","1","3.463636363636364","0.01936026936026936"
"933","0.9321","1","3.4202020202020202","0.06261111111111112"
"936","0.9351","1","3.4674747474747476","0.06783333333333333"
"934","0.9331","1","3.414747474747475","0.017952380952380952"
"935","0.9341","1","3.467878787878788","0.05923809523809525"
"937","0.9361","1","3.439191919191919","0.017051467051467054"
"938","0.9371","1","3.485858585858586","0.04593554593554593"
"939","0.9381","1","3.4872727272727273","0.048706349206349205"
"940","0.9391","1","3.4771717171717174","0.05135714285714286"
"943","0.9421","1","3.36989898989899","0.02656349206349207"
"941","0.9401","1","3.4917171717171716","0.050619047619047626"
"942","0.9411","1","3.478787878787879","0.05117845117845118"
"945","0.9441","1","3.3913131313131313","0.020314253647586985"
"944","0.9431","1","3.4365656565656564","0.038263588263588263"
"946","0.9451","1","3.4343434343434343","0.06002886002886002"
"947","0.9461","1","3.4517171717171715","0.03305555555555557"
"948","0.9471","1","3.4527272727272726","0.027657527657527662"
"949","0.9481","1","3.47010101010101","0.04185714285714286"
"950","0.9491","1","3.4456565656565656","0.04007142857142858"
"951","0.9501","1","3.4183838383838383","0.03742985409652077"
"952","0.9511","1","3.464040404040404","0.04188095238095238"
"953","0.9521","1","3.4563636363636365","0.01678571428571429"
"954","0.9531","1","3.459191919191919","0.04797619047619046"
"955","0.9541","1","3.4131313131313132","0.030285714285714284"
"956","0.9551","1","3.409090909090909","0.02547619047619048"
"957","0.9561","1","3.469292929292929","0.04997619047619048"
"958","0.9571","1","3.461818181818182","0.03714285714285715"
"959","0.9581","1","3.4105050505050505","0.04729838063171397"
"960","0.9591","1","3.463636363636364","0.033095238095238094"
"961","0.9601","1","3.415151515151515","0.025901875901875898"
"963","0.9621","1","3.418181818181818","0.01833333333333334"
"964","0.9631","1","3.4874747474747476","0.03282828282828284"
"962","0.9611","1","3.4323232323232324","0.026896825396825395"
"965","0.9641","1","3.4357575757575756","0.03156164822831489"
"966","0.9651","1","3.4571717171717173","0.02154882154882155"
"968","0.9671","1","3.415959595959596","0.04659523809523809"
"969","0.9681","1","3.498181818181818","0.05059523809523808"
"967","0.9661","1","3.414747474747475","0.023563492063492068"
"970","0.9691","1","3.42","0.037999037999038"
"972","0.9711","1","3.506262626262626","0.02861952861952862"
"971","0.9701","1","3.4634343434343435","0.019817219817219817"
"973","0.9721","1","3.477777777777778","0.021142857142857144"
"974","0.9731","1","3.504848484848485","0.048051948051948054"
"975","0.9741","1","3.448888888888889","0.03047619047619047"
"976","0.9751","1","3.445858585858586","0.035690476190476196"
"977","0.9761","1","3.4385858585858586","0.024642857142857143"
"980","0.9791","1","3.46989898989899","0.03480952380952381"
"979","0.9781","1","3.4367676767676767","0.029033041788143834"
"978","0.9771","1","3.4406060606060604","0.026976190476190473"
"981","0.9801","1","3.4723232323232325","0.040809523809523816"
"982","0.9811","1","3.4797979797979797","0.04122174122174123"
"983","0.9821","1","3.449090909090909","0.020202020202020207"
"985","0.9841","1","3.501010101010101","0.03038095238095238"
"984","0.9831","1","3.4793939393939395","0.04177489177489179"
"987","0.9861","1","3.428080808080808","0.007744107744107743"
"986","0.9851","1","3.4395959595959598","0.038500000000000006"
"988","0.9871","1","3.4214141414141412","0.028357142857142862"
"989","0.9881","1","3.4101010101010103","0.005333333333333333"
"990","0.9891","1","3.45959595959596","0.015632515632515633"
"992","0.9911","1","3.475151515151515","0.03492063492063493"
"991","0.9901","1","3.4585858585858587","0.036387686387686385"
"994","0.9931","1","3.44","0.027428571428571424"
"993","0.9921","1","3.4690909090909092","0.03397619047619047"
"995","0.9941","1","3.4882828282828284","0.034428571428571426"
"996","0.9951","1","3.426868686868687","0.03137301587301587"
"999","0.9981","1","3.4395959595959598","0.0382857142857143"
"1000","0.9991","1","3.4882828282828284","0.03196248196248196"
"997","0.9961","1","3.4812121212121214","0.04807142857142857"
"998","0.9971","1","3.4092929292929295","0.04586339586339588"
